,Brain.e10.5,Brain.e11.5,Brain.e12.5,Brain.e13.5,Brain.e14.5,Brain.e15.5,Brain.e16.5,Brain.e17.5,Brain.e18.5,Brain.P0,Brain.P3,Brain.P14,Brain.P28,Brain.P63,Cerebellum.e13.5,Cerebellum.e14.5,Cerebellum.e15.5,Cerebellum.e16.5,Cerebellum.e17.5,Cerebellum.e18.5,Cerebellum.P0,Cerebellum.P3,Cerebellum.P14,Cerebellum.P28,Cerebellum.P63,Heart.e10.5,Heart.e11.5,Heart.e12.5,Heart.e13.5,Heart.e14.5,Heart.e15.5,Heart.e16.5,Heart.e17.5,Heart.e18.5,Heart.P0,Heart.P3,Heart.P14,Heart.P28,Heart.P63,Kidney.e11.5,Kidney.e12.5,Kidney.e13.5,Kidney.e14.5,Kidney.e15.5,Kidney.e16.5,Kidney.e17.5,Kidney.e18.5,Kidney.P0,Kidney.P3,Kidney.P14,Kidney.P28,Kidney.P63,Liver.e10.5,Liver.e11.5.2,Liver.e12.5,Liver.e13.5,Liver.e14.5,Liver.e15.5,Liver.e16.5,Liver.e17.5,Liver.e18.5,Liver.P0,Liver.P3,Liver.P14,Liver.P28,Liver.P63,Ovary.e10.5,Ovary.e11.5,Ovary.e12.5,Ovary.e13.5,Ovary.e14.5,Ovary.e15.5,Ovary.e16.5,Ovary.e17.5,Ovary.e18.5,Ovary.P0,Ovary.P3,Ovary.P14,Ovary.P28,Ovary.P63,Testis.e10.5,Testis.e11.5,Testis.e12.5,Testis.e13.5,Testis.e14.5,Testis.e15.5,Testis.e16.5,Testis.e17.5,Testis.e18.5,Testis.P0,Testis.P3,Testis.P14,Testis.P28,Testis.P63
Rpl13,14.92454375,14.41220289,8.542615603,7.253157332,7.762502019,7.2653014,6.725308553,5.909303886,9.48637142,6.43597398,5.766883261,4.335807988,4.19550034,3.835512798,6.665196673,6.382745174,6.452209259,7.051380222,5.447960162,8.758899783,5.884255921,6.485139689,3.923827249,3.514702213,3.727636329,18.02468561,18.25399231,11.1062791,10.17084361,13.03060208,12.85990233,13.60902452,10.85898404,10.85585436,13.15879825,10.80606057,7.252681395,6.931419731,9.007264777,16.05934226,13.77871118,13.88719358,15.62749633,14.76044023,14.46557739,13.47753185,14.23057155,14.7513012,14.23147265,7.300259503,5.006467147,6.773196261,17.08350559,15.5896197,18.93548886,20.85899653,20.97370839,19.97783085,19.24230008,24.68255744,23.45533268,12.89516657,12.36950609,8.287704034,6.997859243,7.207200401,13.54713585,12.24291399,10.41708469,12.16947444,13.06580053,11.10698131,9.95735963,11.78495217,15.75017431,12.98079165,8.696446892,12.67070214,10.39134544,9.753814286,10.91757605,13.20970111,9.85141852,12.44992801,13.51590826,9.457873952,9.391890057,9.992425077,13.23278552,9.17683664,8.681901246,6.281034402,3.367518696,3.924631235
Rpl3l,0.019005994,0.019857154,0.019029631,0.018229415,0.030298319,0.072396139,0.051382205,0.039197794,0.063564751,0.080893478,0.075507337,0.383596615,0.105216747,0.270720414,0.083678942,0.080775585,0.094528484,0.056290464,0.08215106,0.070760251,0.111826825,0.123876177,0.464245933,0.359562495,0.370014025,0.183314958,0.163547672,0.216920912,0.367461115,0.301289833,0.281854963,0.646241636,1.067135494,1.403651298,3.395301015,5.334928455,82.50230135,172.1909293,299.7472881,0.053114259,0.026614273,0.048713729,0.0557927,0.045606922,0.041873539,0.067330503,0.136156528,0.243891571,0.248472898,0.351049293,0.73693639,1.132405149,0.031396161,0.014820294,0.010117915,0.036524313,0,0,0.028420611,0,0.185996954,0.128620982,0.121330517,0.036836429,0.167329751,0.118450866,0.027688193,0.539697119,0.344166702,0.369809739,0.333499306,0.183661631,0.327007504,0.147532643,0.101880889,0.14288903,0.049331864,0.02441643,0.017852632,0.048434173,0.033294727,0.175214056,0.891119101,0.48249312,0.693919202,1.777624959,2.445487113,1.27229765,1.534418911,0.892597997,0.330386939,1.492512127,0.466823355,0.321448305
Rps11,865.6279592,967.1970126,557.6415987,430.1502554,383.1036846,319.2736531,272.0978092,249.2945154,317.8357229,244.9666456,221.0177965,135.2524587,121.5415055,133.9799081,331.1594758,307.6412145,273.4719339,259.9937611,213.0016503,265.8144411,228.3910382,226.4503686,129.126367,123.7049983,114.2686919,821.216102,725.560497,484.6616223,508.6885673,551.1405588,509.6599145,488.1672792,428.0710873,422.9868433,408.046113,390.3759146,346.8085699,326.9959181,313.5618082,638.1410328,637.6456545,601.2936627,598.1729647,544.7419095,529.8604857,537.1185266,505.7818368,468.1660976,449.3601789,314.3798574,261.8286396,267.4565369,845.4996384,801.1064712,845.38488,682.7320647,747.6653382,633.9869237,523.5067632,567.0707183,538.2120851,448.9249741,463.8906721,330.0013532,352.7177731,310.3877303,746.6893047,624.9998686,584.8802401,571.4646667,649.8984922,531.4278486,525.5266008,476.1035644,432.7869173,512.2915242,460.0202025,580.9572971,497.0133283,433.4534766,651.1951969,555.9803944,624.9041504,624.5525828,587.6559493,500.5466874,471.2880289,452.6771439,406.6725913,469.5878473,492.0063332,264.8704185,149.3753316,152.5600045
Rpl8,1151.385426,865.8929444,536.0646901,505.2520035,548.3277088,434.2790853,434.1491775,407.0674267,377.9212057,338.5913538,331.5384373,185.2927091,196.7933073,218.5273202,428.4008007,450.1896345,393.311833,351.8445749,401.9017358,318.7300296,332.2682235,363.3840003,227.8522994,198.1210713,207.6851615,1029.844412,810.6710679,618.549278,674.4358801,608.938938,633.5270643,536.6924483,522.2940165,535.7864347,538.5619305,489.6472724,354.2538101,326.316284,423.6627811,850.9607591,858.7241593,834.7981195,699.1677907,662.0416365,681.3209753,628.3793765,613.0545661,606.9477195,514.731465,353.2006535,405.7078037,366.3092498,1339.056547,1095.494375,1520.364034,1432.575053,1530.872029,1175.577052,917.5709658,883.172293,615.9396455,836.2138123,920.1999216,497.0324758,514.2794864,579.4781918,945.2950885,766.490319,702.4472405,752.863493,792.7187184,722.5871953,584.8298278,709.5115921,623.943904,685.9379466,599.2655196,699.5827534,658.5790102,613.9805102,793.879499,767.8010638,923.5943895,873.2692972,946.7394122,772.9067339,702.1812021,668.0303332,578.1771694,595.6731604,533.5305973,358.34051,275.9941261,252.4206676
Rps9,299.5015451,236.4049562,158.3504015,157.5388624,160.4704592,124.4615472,122.3075078,101.4326612,108.4128645,82.71124037,83.34326038,50.04056435,45.57835157,47.59904201,130.0718762,126.3881637,102.7278262,84.48346034,100.4654558,85.96308185,81.05072499,96.70935901,57.59009306,58.34246297,53.4619721,247.1490333,194.4484834,171.0533081,201.9041474,164.745106,179.2125417,153.6499168,150.1791533,158.928218,157.5959114,144.3121826,110.5341174,107.5035838,129.4010433,238.3708665,225.7632812,240.8865265,196.6772693,191.7601285,206.6533111,185.6033704,190.570291,181.6399833,160.3357841,113.6053655,98.00069664,81.48539138,329.9995535,236.2909636,338.5563493,320.9715236,356.1108586,271.423857,216.5359774,197.3011543,196.3197589,240.1570826,250.6532076,144.2839406,139.9411095,159.405319,213.1099237,205.3959013,191.6116612,196.6047063,232.4469672,196.5646974,177.9139786,206.5743737,181.7742378,181.7056753,151.7158641,233.4310932,208.008451,195.7675142,179.9948432,172.820237,186.1781832,201.9494696,227.5399078,171.3806967,137.3260695,157.744975,166.8723695,141.0259746,124.5013755,68.44483674,37.99292942,36.9204811
Rpl10,13.64430229,15.3500563,11.35202259,11.11620181,9.409821906,9.42576782,10.13266927,8.23116052,9.687016432,7.915788637,8.493996261,3.054101835,3.351587866,3.666057964,9.649687466,8.405733545,8.998418949,9.108205438,6.912945781,7.310989062,6.966965802,7.909527496,4.166470763,3.869397686,3.980900698,13.27050567,12.15610336,7.989968936,11.36865315,9.306817938,11.48722044,10.44586491,10.77495236,9.533078204,9.739139588,9.950549345,6.80654553,4.929694756,6.438297376,14.72672197,15.75579246,14.52915378,13.49932405,13.3234679,13.54929727,12.85597616,11.10100328,12.75490317,12.12224482,8.014776825,6.586266315,6.932258339,19.30028068,14.00950498,23.53333081,23.44256042,22.38263697,19.70067429,20.29235816,16.96372842,16.398596,14.10037116,17.03985534,15.58788186,13.50146869,12.29907418,18.5143474,11.73473413,11.45527277,12.06682581,13.48288394,13.04139841,11.28060637,11.37063896,11.82444577,15.28368417,12.6246597,15.41215253,16.10670426,13.45949355,12.85050868,10.51857946,9.222521771,12.52542042,11.25187066,11.10660899,9.783055834,11.16151013,11.83329623,11.16273683,9.863295449,4.527712902,0.974088321,0.699394108
Rps15a,56.01050867,62.55374358,36.87803853,34.26519161,33.72919678,31.92295021,41.50817899,31.76737101,35.03438471,33.15884539,32.428874,15.43219743,16.50253423,17.82332854,30.79902984,29.82943066,29.60027255,33.38452504,26.62485245,31.86111001,31.06171112,36.85931179,19.22812098,20.41765607,20.98825777,43.46960022,42.34297313,30.29939786,35.85060992,26.99703497,32.45864664,31.58798455,27.46229592,29.99326272,29.04512283,26.33876229,18.94259964,17.5946874,21.27389934,35.57148311,39.22480508,41.38376347,28.36000005,32.98684179,36.3214557,29.23631265,32.26032217,36.75122832,32.85748199,18.72742288,14.69271101,14.21218403,63.66695947,35.45953324,54.97003074,57.87141515,62.70225671,50.93555499,55.83800282,43.39431363,49.79306262,42.48328261,43.76160805,28.14616235,24.37201355,22.37546272,33.13472192,38.12049655,36.59994968,37.84924314,55.09449563,41.55480083,49.73465877,35.20176454,35.68791058,48.77846086,33.56417326,38.48474558,38.08244298,32.85754949,27.739775,28.05084964,41.77668295,40.40877532,42.12133723,40.32266227,43.50575891,33.42186182,36.16767629,25.6630334,25.59636941,19.24542642,11.10924367,10.79177784
Rps25,186.6387051,225.2334903,101.5893852,88.15161929,100.0505464,101.855003,95.7849886,86.9654245,93.44441779,87.83957157,88.43074197,54.19467687,54.46882979,54.89209191,74.18631429,91.37459441,87.81402338,79.07781914,72.32897277,80.32122654,78.89113512,88.60077381,60.22598111,52.04721973,55.8785884,220.4821531,204.6227054,132.230381,131.5580783,129.6110532,140.2984869,137.4015061,133.194521,136.3982659,139.5195105,132.6346985,104.8791018,97.81265775,125.0903014,170.5909039,161.6285793,176.7909716,152.0184695,143.671036,139.568668,132.3788399,139.3041189,148.1763882,138.6338179,95.14519868,91.52834944,103.0892655,212.8431787,168.7612958,250.743561,243.4998609,320.7828732,274.089705,258.170919,247.8022524,273.9849877,223.7306035,227.2160079,149.5296396,166.0150049,174.1986208,143.9206228,125.2342721,109.8268047,118.1403901,175.1811865,138.8409393,143.7131576,138.6218964,141.1796796,178.0930406,118.8949088,154.3894624,140.7716836,124.0989208,105.3075417,103.3684784,123.0080959,133.3302566,155.7779164,134.3351898,113.0711726,117.7581534,142.2096506,121.325319,122.0617845,80.85920516,72.10016688,79.64999485
Rpl15,34.93967759,51.28170213,38.66463237,26.32711848,23.07085387,26.71543445,34.08464528,30.16502302,56.14066541,39.51342677,48.97648849,24.67959067,23.95352557,20.89806996,33.87212997,37.44183758,34.10715778,52.83717018,33.56135977,58.93042505,55.28006948,57.69658178,23.74795802,16.70576558,17.11312263,29.27422813,44.15664268,31.27822094,21.53199587,26.348018,24.08888773,23.45331414,26.17069905,23.53046492,24.16656356,30.00805846,18.67513336,26.16027249,26.36950386,40.0001925,33.14172581,31.38350972,30.28810396,28.6987762,27.89679275,27.31233172,29.09427145,27.05811136,29.42691446,20.87159535,29.28917274,26.07556789,38.5611763,39.02517889,31.94636834,26.51798285,28.07388844,19.26971054,23.17362793,21.37831645,24.86086811,16.18156106,19.01860792,18.7731612,28.58217958,23.77802522,36.48058184,39.73797145,29.76977328,26.13204894,30.08112453,18.87157412,24.26418362,16.45890013,32.57690055,27.20896816,20.57081309,23.57110849,24.95038314,18.8164615,32.72281313,38.49362391,22.5794094,24.79162275,23.17067713,16.2833382,18.59956662,15.59119729,23.65486544,14.20608771,18.26096687,7.484899162,2.437126129,2.335678859
Rps5,400.0289542,323.3581311,214.1006029,203.6414311,213.512058,186.8826643,201.502976,161.1796861,168.6526603,166.9445939,153.3633375,72.02746317,62.39491463,70.42626602,185.4296656,166.7645558,158.5958745,150.0529089,137.9019047,136.8148251,151.104984,155.4307717,66.5626761,56.11664839,63.94432779,379.3942124,314.2690724,248.6224538,282.2787301,271.3946075,266.1246719,238.4085611,221.8228114,218.4285206,202.3410207,180.1318777,140.5617962,139.1536797,154.0152787,325.9693019,318.6252798,335.4122264,293.2405412,289.260024,274.2139893,284.1468392,292.5135644,243.9519793,224.3093353,139.6101257,105.8926579,103.942191,449.7860124,434.3643232,488.5191329,582.3516349,561.3525582,457.5360461,379.191858,317.7952063,343.7050828,452.7389571,422.4672373,239.8146517,232.6396375,247.6518998,369.2006063,363.3363379,333.1199938,350.3330184,378.7703238,345.5247049,312.5535362,305.6042598,298.2635602,328.0367578,253.380956,335.6613999,249.3399474,243.8084314,316.8979592,334.2042085,323.981467,352.9574492,327.9956053,286.0922771,252.8012079,264.9401261,240.3417119,252.689424,231.9310173,126.7411358,58.51121687,52.0166651
Rpl19,104.4052257,90.81715822,48.2218148,54.55140049,64.08806737,50.46188195,51.62980096,48.08783583,38.47215449,51.15963347,50.40343936,36.24854803,35.4381973,36.62384469,46.14297929,53.47295534,45.69060181,41.75778526,41.44344036,33.50409697,47.96736432,56.83252781,39.30442763,31.72917806,34.60240325,99.66332812,75.34135302,62.57523085,71.89158453,59.13997793,58.32372701,55.15032831,52.93296441,54.39014694,58.6739287,50.61800644,42.77056762,37.31665149,38.82918433,80.94688173,84.55990299,82.70832387,65.89961664,60.17956158,59.97240726,62.46152294,60.47940499,63.86696132,55.47376702,43.28921423,38.55613969,37.80675995,115.72996,105.22841,146.9432784,142.4421004,153.238691,125.2721124,101.6219587,85.78771062,82.68399228,123.0841921,120.1375967,99.52849755,93.21565593,92.57123584,91.53243406,83.7947762,76.90987231,75.19788495,93.50807469,82.34387982,73.03332156,72.58835082,52.46133663,82.71828856,66.41015651,85.58877034,87.82998884,78.01343123,77.94239972,69.51538871,89.90199296,84.0060479,82.96981032,76.31808515,67.07472042,71.15595821,53.55157488,60.9198578,57.93358691,48.28087117,24.06735456,23.49876436
Rps14,292.7487639,208.3536191,164.67345,159.77584,163.6554429,143.4683345,148.161777,113.049019,136.2263301,119.1480668,117.3469344,72.57970488,71.81572955,81.4948949,127.5483269,128.4217135,121.4433384,111.9063357,86.83876917,99.9399313,105.4621783,111.5459893,69.54630497,59.00773029,61.19460678,272.0872479,261.8339755,242.0172245,225.4331837,194.2352948,230.9870832,222.7711814,182.2416032,218.3306579,157.0198506,163.198851,148.4707603,151.6694905,143.1625719,256.6740414,250.5696115,276.6482876,188.1257135,243.0070655,236.2572394,228.546921,266.3086639,221.4249218,206.9954049,149.5104734,119.7472115,112.7174258,359.1041254,301.940698,318.6246689,359.3084243,361.7358093,305.9900035,237.1765655,211.4672158,253.1273506,336.7793586,346.9922736,270.5322161,211.8128975,196.9034699,271.7958163,243.0178239,254.0684538,235.9950394,290.0261642,271.3031655,233.2252136,230.6626381,259.0407383,293.7933417,221.6855574,266.357981,238.0554523,222.2605154,244.1518532,269.3612863,251.1260211,263.6459372,242.375063,241.796737,213.5134909,201.0617479,209.2484973,235.4077403,220.7943819,129.8688456,114.4874949,87.59778481
Rps24,766.6842694,608.4135854,435.3135591,434.3333439,340.6430452,445.7351062,181.1985492,446.7497305,227.9509937,335.1113088,272.925831,197.3638716,157.9315985,157.0721351,367.6121018,301.0066022,404.6376562,172.3194154,447.0516229,219.0776183,355.3750157,299.9513872,175.4467661,131.3134188,168.3135211,753.17948,452.103339,534.6818401,614.6471492,340.816788,497.886596,253.5246234,434.6621594,474.2838381,411.104803,327.4715639,309.5159842,327.3762775,237.18736,828.948926,514.7137317,685.1394207,428.7633766,552.3977128,304.9409404,558.9478353,450.5174278,518.9041637,401.5497813,302.1410413,270.5092749,172.2485846,738.3756439,455.588166,826.5476173,902.8824259,704.7190566,1001.601979,327.8424113,850.7975595,637.2805347,860.50136,756.2486529,501.1567977,436.5514495,394.2391791,559.7940439,557.0629268,372.0909062,474.1623636,622.5675095,799.7363348,365.3218816,589.0403751,419.8985197,748.0449143,477.1513671,660.3574946,474.1851879,539.1974183,478.1899132,501.4023475,459.5458912,599.9965996,817.0671953,682.0134517,269.163817,565.0989176,493.1327122,671.6012043,579.9611042,406.4791425,361.8257563,303.6611903
Rps26,783.2559806,702.5636193,402.3429531,484.1399962,736.7242634,544.7507889,418.7351585,657.5490295,247.9694277,342.8205526,332.548752,188.5661698,100.6552982,109.3716006,411.7083947,495.0317215,500.5721023,303.8700419,523.7785986,222.4685177,349.899655,290.459741,147.2370294,107.7800154,114.0344738,869.9402385,469.8241074,440.8325336,617.831466,519.2902718,474.9777628,441.3912959,354.5742279,315.3572504,302.8524138,275.8059242,171.2329048,122.027888,163.3328172,811.3219909,906.5326675,684.2789322,706.3278723,512.2668203,525.2491565,545.6057168,524.8137844,388.1444425,352.6514471,200.1936854,151.1412721,145.910822,855.9459407,788.7594628,1101.819917,1070.408943,1507.931088,1328.409485,804.4293751,988.5254503,483.2821392,780.6057333,837.4132058,495.9186899,404.0621735,398.6263141,640.0408178,681.1682533,727.6168131,653.4191631,1006.57847,1010.392822,619.3453835,1163.891159,466.1742746,606.6252258,583.8084569,638.0882568,508.2675761,439.4399376,607.9688523,630.9344048,718.8639012,714.852282,1103.288411,854.4416901,518.104248,762.7060689,396.9487737,991.234985,929.1839789,355.3069197,189.9899318,273.1154559
Rplp2,145.7433694,124.484667,52.01265828,43.0197619,38.61004654,39.31215385,30.72441614,26.35337268,39.68611585,22.8509708,24.30671437,16.59567947,15.0754096,15.45464564,34.24880334,34.109471,35.9683198,30.66987703,29.84351207,33.43284325,23.61203661,30.1912823,15.9318807,16.48277978,16.07075427,105.8518471,64.34434107,45.94754303,55.91567347,59.6874015,59.83713983,51.17707703,54.36428914,40.65158765,65.53694115,58.14706724,28.00509267,28.86333248,56.58894119,72.67168737,82.07897008,84.5547596,73.04193366,48.42853752,65.38539931,50.68991543,44.02584818,79.0026512,61.43037066,24.08683478,25.52895562,33.24777786,164.2288586,86.7427486,110.7225852,82.94742105,102.2948057,102.4965179,78.06925637,85.5226366,94.31054154,54.13240842,54.99901964,37.95142372,38.93898137,34.11638816,78.68940907,96.33930162,71.71184876,74.67455565,89.0924151,76.81514105,81.29452402,64.70279192,66.54676771,72.89868309,56.35118981,64.93675628,47.79283607,51.43638227,63.85730874,66.41290333,92.78364095,91.72858975,97.67620533,70.08810953,63.34952726,67.94432378,68.86652768,39.99380476,38.78018132,27.5720473,13.74679108,11.46901153
Rpl14,278.1379028,276.5909119,136.0966075,88.8961981,86.21281682,72.72124761,62.56651986,58.33104954,87.08885871,52.04357442,44.18228101,26.38623578,32.28082939,33.88946905,85.35701825,72.98058743,79.32311601,76.72208405,65.94252283,77.75268879,65.57829691,54.60964942,25.28307699,24.30027166,28.66741983,250.695849,246.5003863,146.7524555,128.9041743,134.7405192,144.6240098,128.4898677,119.4534613,114.4361488,125.0804143,118.1153229,71.33482965,78.66191139,87.22630241,188.8306991,186.6795518,181.3844843,188.331628,174.6374932,164.1576785,153.2956125,159.0005388,162.5091462,143.0041996,76.16807477,75.95803503,79.12642589,253.4293645,278.2870126,268.0464383,244.8804994,250.7365378,224.5112237,188.2028619,247.2616689,192.8041905,142.3184034,177.0036513,82.92336982,67.84221832,75.01933021,242.1525549,197.8847558,185.834311,195.5693907,192.6527088,172.8898542,160.5972633,153.5626126,173.4931812,175.2120025,125.2741474,156.7015157,110.7462559,102.5575581,201.9760809,202.1444528,208.1271116,213.4395789,179.7351213,176.3657653,160.6867066,132.7312861,132.5604265,124.7559827,130.1036336,63.00060926,17.33514143,13.66978437
Rps3a1,390.7062614,457.4564275,233.9008213,110.3046564,150.805684,128.0111486,132.2250502,101.2779865,179.8329349,111.1471188,119.8126482,47.77109584,89.12885408,97.63999371,88.89432034,147.2024278,112.9765626,131.6303842,101.2165335,145.5467584,139.7715968,135.8041229,87.87856667,62.69737426,80.94106562,462.7342069,461.2604357,319.9117048,213.3570989,272.3500357,315.9969354,285.1347413,287.132752,294.9573167,287.8711742,270.754242,155.9036575,195.4302385,212.1662988,353.7402501,322.1752377,272.8346111,301.8623478,314.6239151,310.6282335,324.380131,331.7342522,329.4648788,315.7485269,144.2997417,157.827029,156.1942928,477.984714,447.4866923,471.1377863,505.5265021,604.7564151,418.8176681,455.1984493,511.2089098,582.3868747,320.964738,501.3840055,215.3215057,250.6542333,307.3087689,405.7282219,334.5429596,303.9604292,352.6928756,351.4007699,263.9516249,258.5246589,252.1427836,367.0264442,352.4297931,217.4827721,347.2865101,298.4760596,277.3869768,335.0945636,329.2746365,343.1091608,186.5632191,298.8655387,276.0966463,313.5139615,220.0763504,307.3490337,87.17469545,183.6159522,51.42016108,36.5762915,36.88627096
Rps20,59.80218271,68.95562329,29.42732548,23.9824993,24.78885214,21.81891366,19.8194279,16.99086242,21.59846795,20.96447898,20.98572158,11.28272878,8.517232264,9.181019589,20.75982505,16.91310706,18.23173281,18.15768945,17.99034445,18.17522576,18.69012257,18.7580629,8.569390143,7.292646139,7.012997862,51.29248751,48.13691198,31.03187726,32.86458886,33.24393623,33.54322085,29.62955853,25.51767262,22.96062017,26.18267468,26.17535241,18.02122848,15.8311176,19.0023048,41.10856755,46.64940385,45.19047588,43.06576829,36.45480455,36.04513057,34.64472687,35.6723157,36.66399526,33.57148339,17.05196107,13.30282721,15.01437867,64.40623275,53.95897702,75.66403947,77.59093914,67.78717276,59.87952204,52.96865489,55.93165936,60.54000354,58.78013078,53.22306008,36.90112042,26.65088864,27.38271889,42.08063825,41.04713079,39.80777907,39.24516633,43.12797175,45.38869986,48.25545658,44.95961877,37.18227099,50.19336108,35.19576761,41.07291547,28.64834064,27.07948799,36.71155641,31.58550851,39.15682531,41.29152691,45.2192411,38.63316997,35.17609519,35.16161637,30.16497317,30.7797514,32.16970028,17.92044828,19.34253754,25.05026573
Rpl22,118.5880903,135.2212621,69.44757758,64.04268016,62.37868562,55.82148591,64.64670831,52.79000378,71.02177554,62.79424744,62.33124922,30.75784492,25.9784446,26.27913978,53.00073121,52.33895455,42.96621412,47.76581771,43.90531199,51.27021718,54.68783229,56.51234709,27.73826112,25.66968499,26.34562782,117.9714753,116.4370287,81.10000357,86.13270724,81.84787406,86.65793608,83.53582748,72.72951875,73.70187875,72.70704752,64.88112763,52.32439233,56.85272965,62.60982905,108.4634775,94.99742785,100.8560606,85.82076121,88.70766545,92.14913444,86.45437565,92.90593685,86.07960698,77.438366,56.48143366,45.11108369,45.86012628,132.4998268,127.8096229,128.8716654,133.888473,160.1121788,116.4906453,109.3512145,92.34674164,105.641414,89.42035816,98.42948598,74.94772441,69.33052093,79.98893195,103.5590276,97.18810294,78.80182068,90.24215999,105.692703,82.45817005,86.61770542,77.50434539,84.15922468,100.8438965,68.19411878,80.66496785,80.97873065,75.20715469,88.28368274,87.7309748,77.3670883,91.33498925,83.29916205,60.82311504,58.34765887,60.68947542,69.67707099,64.19604557,61.67775147,45.02336568,15.43253406,15.96950563
Rpl6,91.96164245,76.49846201,46.69203025,38.75952341,39.66372863,30.2430176,28.42940353,22.87114004,32.88175748,26.60208326,25.99314559,16.06980555,17.31668294,19.82670994,36.63431429,34.8722049,30.49151462,31.61178689,25.43908644,31.04927472,31.08279529,33.47941144,18.53218444,16.53212035,17.012274,92.89107692,75.56324715,54.83304537,58.42517592,59.18907413,58.29974337,50.99000788,50.14672388,48.03457713,48.90101058,44.20578921,33.20840212,30.13144386,31.97316888,75.86170246,68.72962534,71.80622439,69.17045607,66.9603847,63.45141813,63.20225199,63.6461857,56.83314193,50.3999187,32.12744485,29.52240843,27.76361833,100.1559113,92.59388525,110.3386465,112.0726343,112.0051357,89.96678501,77.07873082,67.32150107,70.36353308,69.61943993,69.14076328,38.74942773,38.38073368,47.13672616,88.07589276,67.27208043,59.73409806,70.6673891,62.70105277,53.85290452,47.59828268,53.25801603,60.11725149,53.45457923,42.41340565,60.82354435,53.93054879,52.18212241,69.60858354,71.74805671,85.4703871,80.21031313,72.04676668,66.5967462,62.4051157,50.39410732,51.09358694,38.32206003,34.36303547,21.00803841,9.185131495,9.202588978
Rpl28,15.63340654,13.88707801,8.235144655,9.115911867,9.173980852,8.387668493,6.591799563,8.950176164,5.644243744,7.917217238,8.13869672,6.742034004,4.171011811,4.279695163,8.53922172,6.425544645,9.085707409,7.128927264,10.3269732,6.044852616,7.441558519,6.100688974,4.787572609,4.148516558,3.123159596,12.10130838,8.389892475,7.249984979,9.263590214,10.01796094,7.737683039,8.744128505,7.331181885,5.250558775,8.0972567,6.818202444,4.176200498,3.680195452,5.641966748,12.63551368,13.87293121,13.17448152,13.22266954,9.466122735,8.475185173,8.342829883,9.304759007,8.196561994,6.759639014,4.567043895,3.395625692,4.440459507,14.17332241,16.33842344,17.16685919,13.09851755,14.49690482,15.84836973,10.46191052,11.42801823,8.921297443,9.268924404,8.574793209,6.72542931,5.638602063,5.698547883,13.16649401,13.53940215,9.056046728,10.70091338,10.32244466,10.004181,7.772995199,11.99388495,6.830312583,9.098309562,8.381201017,10.5179385,6.671923347,7.449150049,11.36798456,10.98273281,10.08377007,11.30288746,14.30186916,11.20933372,7.113985223,9.938949774,7.491857333,12.73285854,13.12701779,4.519500797,2.807005408,5.081496098
Rps4x,405.2967705,428.2347006,256.2478011,182.0076171,139.6360094,132.8228407,147.4615632,94.00614669,173.3511506,119.2349278,115.4820045,57.65615571,63.8477277,67.34639837,151.4999601,122.4079307,105.7833735,139.487584,92.60767835,141.1245633,130.2631716,141.6841965,66.4074121,51.68480387,48.3324361,369.3858219,347.1874402,291.0994271,279.6988919,253.6641967,316.5402195,301.5851233,262.4232543,291.1780244,254.3224236,247.8328398,172.001322,150.3376701,172.7102592,269.8340088,302.3015916,331.2626689,255.3833146,299.399967,316.4819034,307.8687569,324.6597339,309.8941422,286.1679981,166.479142,117.0617751,129.6431852,442.8199446,370.0451538,439.4848272,561.3840844,465.3608523,361.3579771,393.3407094,397.7618548,471.2424424,361.1366754,375.4063568,193.1851663,173.3114362,191.0943788,371.4206148,350.2652305,338.8935114,349.8834678,326.0988993,259.889546,250.3626907,221.826924,352.7960566,296.1964672,222.9095419,312.2566283,263.1569431,235.70416,302.3918533,310.6775536,278.4965194,311.2268005,223.9832267,228.1510356,255.3152887,191.6994951,282.1058205,182.0651541,167.7561752,42.76497594,8.422562992,6.876553795
Rpl4,1066.785559,1231.982768,605.2644534,582.0959995,593.6028394,489.3798099,427.8608622,479.279784,437.2927014,428.9282766,405.0247261,264.595793,246.1232455,268.028175,451.1548182,432.0340129,404.4060951,365.3913775,415.9755044,387.2071492,388.0513702,412.9098586,251.7616095,226.7554694,242.4490542,1342.415219,1085.1882,913.7872933,909.2726779,787.020177,842.563241,771.4411825,721.1278603,800.7665248,627.3147019,576.2815007,507.0453621,476.592775,446.1878655,1052.176618,1034.206702,1005.035258,939.4961204,870.8326994,888.8782806,885.7827566,934.4651598,760.5062587,686.5407768,545.1724839,443.1287628,394.0794054,1193.59875,1111.080423,1783.796592,1821.653188,1823.562567,1502.290269,1309.97919,1142.238895,1275.329593,1095.472443,1197.468343,775.0207861,779.2950426,817.1588675,959.8799791,844.4118854,794.6760818,830.2246499,867.1853391,821.4391148,655.4541916,777.3388244,755.9900442,747.3152116,641.723588,803.6472951,782.9426353,699.0754963,802.6981896,811.4504574,1060.810616,969.1711014,975.398471,910.931411,871.8158679,782.7388576,782.7150325,831.7001161,741.6032979,428.4765041,196.1831161,188.7383804
Rpsa,245.5527664,167.5472868,104.0130871,120.6490682,132.6914643,88.33674971,76.4548687,147.5258462,53.91341688,103.4832264,69.04233404,59.87395031,32.44588709,35.15452653,107.76664,89.69183583,76.84913834,78.80037607,117.5385234,49.01786816,83.82591886,55.54134953,33.25749955,29.20932557,28.63014491,325.8727173,101.3148804,163.6524853,165.9947981,158.7596018,130.0087105,99.83916111,140.5422312,63.53575131,95.96787547,55.73230315,57.40581866,52.29548906,60.53703179,141.2407648,260.3831897,151.1502222,207.818454,152.0534158,113.9588506,162.8067542,92.19429058,109.7513821,58.83736603,46.10581572,47.34089316,56.65286188,269.9938732,227.799532,326.9240846,323.9769479,381.2083911,235.7193481,192.7953435,240.744528,89.7647919,149.501152,137.3124567,105.051445,75.54604234,101.3516886,130.322752,106.5501278,205.7924307,161.9446298,155.8104271,126.9154793,113.897598,181.2741368,101.6154538,129.2480369,71.19828138,90.28792239,99.92857057,87.26363197,147.189027,138.4059329,214.1410821,162.7511692,163.7825929,154.7913401,77.60848505,161.9620217,48.00475774,143.059262,78.00777062,64.92897371,28.26864356,34.11786556
Rps29,3.802583424,3.896281822,2.459317894,2.163738184,1.946722431,2.086751,2.218516751,1.338374765,1.537481531,1.54516059,1.648906669,1.352805434,1.572227067,0.951622078,1.986413619,1.425872293,1.656994739,1.257085046,1.802014495,1.436558667,1.718951248,1.635539852,1.280503065,1.177819833,1.424406657,2.064391558,2.754787116,2.107079524,1.85450045,2.678675305,1.62895618,2.455375341,3.197552019,1.958599131,1.872996904,1.841036537,2.379156126,1.742582478,2.130872663,3.575488537,3.334231227,4.535817389,3.772898689,2.3871389,2.533579063,3.076148707,1.88509132,2.768652606,2.086227065,1.74177136,1.334359585,1.785077639,3.950299966,2.94263737,6.458283102,6.581872813,6.453172749,5.791776705,4.795008997,5.315662957,3.523405198,4.871601269,4.154677183,3.922983117,2.459576167,2.506216498,2.808484715,2.943601141,1.507650365,2.707260932,2.891978745,2.76446606,2.540473993,2.349079806,1.882664951,3.496868509,2.245388734,3.506319297,2.88213271,3.469523884,1.768718452,2.152290749,1.509793016,3.242402545,3.131973082,2.146939146,1.914811364,2.497592853,2.050440992,1.96344355,2.294056738,1.951480467,2.949872377,2.736815341
Rps27l,102.6712431,117.2396553,48.77520481,31.82384202,33.55607428,25.28438989,23.17691741,17.98427099,22.16883659,15.51842625,16.94001546,11.47352873,9.829636518,9.935858878,23.40447677,22.43189856,18.53555715,16.78899252,16.97725216,19.95298593,18.81994594,23.65411599,14.0936071,13.27669883,13.19075311,101.689088,110.8160039,58.60806518,57.61665976,56.82205645,58.53510208,61.66967111,62.83865591,61.84868273,82.27028641,81.11525734,66.84243385,72.00272875,80.82271819,69.1648442,63.28451013,71.59982002,58.97719106,56.77643655,60.76865319,57.14080879,52.69781473,75.64152354,68.16155408,71.03116079,122.8316272,136.3947113,115.102742,92.25098458,134.1342488,137.309808,161.0341534,116.1589345,132.5877429,148.4459304,163.0054057,144.0013369,149.7344289,216.0782777,264.7074495,304.3138441,79.20409155,65.40365751,54.99056635,66.82148648,79.23355229,45.82381924,57.39190138,40.34904132,50.10977143,72.05656562,47.48696419,59.29876483,74.20369907,69.42589404,61.84375935,49.14449051,41.66489071,49.25344273,47.8978017,36.13778327,38.55372638,38.48634794,41.56811945,39.57333231,41.8934752,66.49477357,36.0410083,35.92903345
Rps16,6.134778007,6.241697174,3.298110662,2.917876417,3.767178718,4.334470295,2.932947414,3.305188539,1.940891156,1.860362272,2.343215388,0.888654605,0.843366281,1.185554667,2.681761442,2.673802888,3.61482195,2.149454651,3.506431707,2.151409557,1.987075548,2.224060563,1.319517118,1.435188663,1.480759729,4.63984831,4.404923984,2.97295004,3.69980712,4.608168622,3.568574061,4.117948091,3.244417642,2.529910953,2.684927181,2.750188571,2.141933113,1.433969356,1.969058562,6.22241061,5.787834905,7.291296177,7.724143217,4.464388041,4.807957552,5.20003092,4.149673048,3.79478497,3.973115493,2.58244955,1.523735814,2.216126472,7.14488445,6.582840267,9.135928553,9.741310491,11.79892615,11.13093471,8.256328613,7.852303427,4.562936449,7.30989292,6.738342913,4.618751171,3.487899774,3.34866499,5.763062114,7.397753076,3.897798523,4.980663007,5.750664628,6.866791773,5.260352954,6.605474685,3.064992545,5.686251891,4.217075208,6.330678211,5.597592982,5.261987215,4.609604667,4.431129525,4.120546894,6.178844638,8.444297223,6.710067511,4.122372332,6.229216225,3.351176434,3.437202199,4.136968019,3.156200757,1.184410149,0.769056097
Rpl10a,23.44201466,21.42066542,13.15704646,14.62644814,13.78352889,13.56420873,11.40306409,10.81604838,11.56598589,11.88104889,11.54317653,6.654994689,5.532019756,5.544868034,12.53747799,11.22522917,12.5164636,11.3452017,11.29256581,10.79266766,10.26724766,10.48463042,6.170291269,5.85851533,5.128995363,23.49768549,17.41922676,13.60067757,20.67591968,18.65014852,18.59704941,14.88437731,12.2385518,10.12138473,12.51546168,9.71227093,5.742266113,4.142424791,4.401025956,32.18343116,29.86007332,24.03078632,25.57373624,21.31844426,22.15098193,20.6345961,18.40928333,19.07764456,17.38614016,7.752470714,5.435807205,6.574207322,27.43528309,25.06007183,40.83219234,34.95706079,28.85904425,26.10001442,22.42476613,23.10684107,14.42928115,16.19223966,16.23825108,12.00977318,8.360844941,6.094186623,29.88583985,23.55059556,20.4283148,23.76821101,18.74886578,18.96100216,14.93804196,19.71526823,18.27914467,17.28211468,14.90411627,19.22793652,18.38905402,16.83732579,21.963765,23.01503445,18.70968661,23.56592303,18.68270474,18.0517609,14.71100396,17.00480269,17.03531009,17.88770478,15.85506425,13.91544313,3.106092989,2.275797112
Rpl12,12.25279698,10.48484663,6.095909127,6.37277775,6.373536836,5.180341234,5.564572226,4.985618105,5.195677171,4.487172742,4.261657733,1.94270075,2.241647225,2.410649745,4.93553338,4.797416773,4.733834419,4.67417332,4.432906425,4.169640639,3.964390325,4.292748623,2.760550476,2.087869152,1.980876794,10.12624298,9.17200969,6.204449955,8.234503592,7.102303083,6.877953202,6.228335002,5.253933927,4.852249793,4.673970105,4.189277804,2.468988363,2.201158369,2.718439754,14.61493086,13.65114664,12.2462804,11.46214764,9.866586032,10.33527864,8.889516757,7.772351219,7.959705425,7.088123503,2.832191768,1.842752505,1.643135425,14.60343607,11.7964271,17.98310304,17.38764728,19.80810496,13.679656,12.52095437,10.65207722,8.434873961,10.57822311,10.2433475,7.026876051,4.835656115,3.789579267,12.64571859,10.11849763,8.237624472,10.54591251,10.07173177,9.060165213,8.34700742,9.069769511,8.030428446,8.906475251,6.676822389,9.472420632,9.683560764,8.54964063,9.561266582,9.802791162,6.306093205,10.17586112,10.04800896,8.061460575,6.717076256,7.473574168,7.475758148,5.576022788,5.562584841,4.682548106,1.028201722,1.133876262
Rps21,324.6349971,242.5052562,124.8530904,117.2327931,136.983367,108.9865819,114.9281552,90.17695046,104.9861308,107.7617466,103.6773853,85.98114314,95.11614911,110.5173166,96.91185215,107.6371843,94.907311,95.69208786,83.0688872,96.5382377,103.5849117,129.850428,105.8840577,85.36214309,89.17978711,220.9157642,204.9187956,134.8400091,143.4516077,137.9127555,153.7994983,147.9897287,146.8072146,131.5535698,168.0411789,142.7779972,86.02956683,98.03246993,151.8263157,199.457605,195.7075737,193.8494778,146.9696346,155.5521684,183.5184017,160.9181092,152.7177042,210.3398774,167.7012685,97.72061844,123.857722,113.3544098,365.0770305,231.4536473,278.6087842,289.5065107,353.4587013,264.5261743,229.4262475,234.4092679,276.8620548,248.1326348,239.2830726,188.4780463,187.285416,181.2798061,201.1026311,204.9829324,173.6484199,168.4235968,254.6706618,199.0412554,233.3605966,191.8853412,210.4462861,274.0488081,181.0900314,232.2139552,201.9088095,204.3941475,159.2381865,149.425085,162.24444,179.1197283,213.9375928,163.990265,159.6187687,156.1961973,170.6165335,104.1857336,91.18401602,95.76044303,41.11676841,37.25068152
Rpl39l,0.112732304,0.020402621,0.037278091,0.042146217,0.116272464,0.147443299,0.102619077,0.087994526,0.089170007,0.035143816,0,0.072791081,0.029699211,0.087365363,0.019531998,0.041763052,0.160863029,0.137761454,0.030236677,0.089487132,0.132551556,0.062248368,0.071190423,0.070028737,0,0.277238721,0.092357397,0.141842629,0.210300249,0.049640914,0,0.083078726,0.160771273,0.038777662,0.179964083,0.13051091,0.157706639,0.037812125,0.075293193,0.027894332,0.015147498,0.144449443,0.073539836,0.02690443,0,0.017713048,0.037522782,0,0,0,0,0.061782851,0.268575953,0.042052241,0.811607881,1.562129914,1.284336989,0.5169184,0.524596883,0.255723312,0.158038848,0.127150586,0.13600057,0.096762537,0,0,0.936753043,5.319661349,4.804921297,6.970639295,6.462893471,3.354031242,8.418523048,8.557983733,10.84573733,34.56009737,20.43677899,4.665844968,1.148144438,1.083200953,1.135314096,14.16820543,57.17522255,32.58633846,20.83197591,29.38095595,29.87180174,14.06614482,10.48024399,9.902051849,17.52277892,73.05088615,247.6918855,274.0078353
Rpl22l1,135.8611118,180.1841697,69.64166926,37.48077809,27.95440103,28.70440286,30.39717439,14.0395862,50.17815929,28.69262937,33.31969464,27.74628654,45.13687663,48.8255332,38.2295701,25.50915736,28.75048826,46.17077699,20.55925521,62.98556642,48.88753951,56.37183559,41.49898684,35.09752158,34.70852797,94.81301442,140.0554739,57.46048233,65.57152691,56.68931493,81.83980935,70.5045545,64.5661994,66.87327327,69.25156187,67.1807473,39.53590692,28.89899727,42.59497143,77.59103575,82.08249311,92.37117516,66.54791199,90.70226316,87.37495359,82.91809727,90.77477849,106.3366213,97.28803303,46.4824272,38.40551973,49.01194182,160.5576646,118.1117712,121.6627257,142.9856143,131.4600803,81.88332021,132.3222906,163.170125,275.8431747,105.6437375,120.327087,86.65799886,93.10738955,77.37026037,99.42906454,83.28703384,66.43524716,84.29706314,88.44297215,52.32418,81.41316393,46.95028266,96.3914583,90.54662316,48.74967298,80.46199261,69.14254871,63.27931601,76.62698313,73.80516813,110.4818217,102.2452464,68.11423035,78.47515236,106.8722015,59.76352946,96.17392,28.03051919,24.17202514,14.83067564,17.88531956,21.04542844
Rpl21,35.8108528,5.516857137,3.465543804,22.41534064,4.758299998,19.56426637,18.61427601,4.895820696,4.009043576,19.66890968,5.124802417,4.885922987,6.958498911,6.38603011,19.37453018,4.310984175,17.92197017,17.26531139,4.5829588,3.348749935,16.0617934,4.573126775,13.01503315,2.194488128,6.439993548,19.90365881,4.06943458,2.741623633,31.34838943,3.251596682,23.93283447,20.94300499,2.23640273,1.870546524,19.07655849,1.737695755,1.879881924,7.875336343,6.954444842,5.258564719,4.951026548,29.38654833,4.555187409,22.74620497,23.56191967,3.147080304,3.102756924,23.86004676,2.976370246,2.162217437,7.785781939,5.909629929,6.661306794,5.109980641,6.160030677,47.58396156,6.721270161,43.63894954,22.36709782,3.285560472,2.061944154,37.21954654,2.675124706,3.22085476,10.18999154,12.05984431,4.839577094,3.794783698,3.443027931,24.31507953,3.910654264,28.25137792,12.63849824,4.000362605,2.539348734,30.07385653,2.976992766,3.661843478,3.382091107,16.57021084,22.61596285,3.287215194,2.770369174,26.15737318,4.705697167,25.58449351,11.73427966,3.19774805,2.763718212,15.4873885,4.259596822,10.68416682,8.762986279,5.007385824
Rpl37,141.2452006,107.5310247,66.74258411,61.45553447,61.76530023,55.80526114,56.61826066,38.91628506,69.04818373,51.99399616,49.47129269,31.5667374,45.93394261,51.54047008,58.09419619,52.04821723,47.4717905,57.09458,39.97881053,59.62285664,53.03236687,60.05754223,44.14505505,36.60944523,36.25276629,145.2142917,130.4371846,78.47158447,87.58102386,93.08196374,89.03710359,91.99390201,77.94348917,73.57150924,86.11323677,75.7838468,54.0163678,49.86960296,66.34004467,103.3660399,90.859036,103.6514596,94.53806512,92.6792073,89.33185455,88.27601946,93.37520147,95.54757536,89.51016013,46.20977437,44.80890844,51.28658735,178.6946708,130.1505897,152.9555424,174.2615969,184.0651918,123.6758899,125.6815948,126.7005733,134.9469457,136.0328965,147.5721058,96.22326368,97.645405,100.6867546,127.7554365,110.8388745,106.6852241,111.4481757,126.8050912,96.99382746,105.9730274,84.57396429,116.6908858,114.7479399,75.50307671,117.538921,106.3206345,102.335048,102.0164524,108.2710644,120.4723692,119.2045623,104.4097494,89.61174737,97.19464407,81.79185556,102.4069283,59.83316577,57.86832096,39.2215456,34.40064928,29.77686669
Rpl7,261.1979977,298.7536914,169.6283251,154.4681055,136.2624015,112.5416436,123.7874132,91.36241525,111.3870327,87.22284772,84.07878838,41.02677061,43.18465841,45.89398742,122.6936897,131.7665684,94.45512033,95.50040009,82.3627613,91.32493484,84.7723824,105.2718952,56.70445398,48.4817157,51.62918516,262.571113,224.772595,189.0973418,197.4791136,148.05555,177.6959075,152.8165858,141.7503807,169.606699,138.3061963,126.7726313,106.9815136,99.96549368,102.4677844,236.4229774,230.6929272,242.0609166,196.683421,201.1658929,214.4553256,193.8868068,214.8501593,196.5422822,187.6445485,113.1157461,98.6401782,96.91657288,291.7229963,220.4202706,356.6306173,342.776473,350.7443113,263.4252705,245.9301388,215.2642803,224.1999399,210.3041552,222.7958344,155.3504309,148.3267639,162.7094894,218.3354544,187.3844652,198.267141,189.1029987,222.9701299,178.6153412,181.7788383,168.7226828,195.0838077,203.4081718,153.7506093,195.7329162,200.7743322,171.2929894,184.8910108,183.7117016,241.9673251,212.4880131,199.054067,171.6254781,187.2847709,148.4565285,170.4355196,163.0080224,138.4578357,70.43910721,44.02077695,41.76536387
Rpl18a,255.2759904,170.282377,125.2943268,148.2479002,187.818934,142.8283362,95.72509694,142.081425,91.77471957,93.62566201,83.60660337,50.76539598,48.02708747,51.71718547,117.4581723,103.1135376,114.9010232,75.59930855,122.3731484,73.00453319,87.41454703,78.84431996,47.93227475,46.60252942,49.52616035,230.9453236,169.7567221,156.9854644,196.4245482,176.773159,171.1470556,155.5324851,139.9441802,134.2091913,128.5071034,114.4393228,84.94017431,89.8813034,102.7968741,194.3279496,240.2828289,200.2353845,175.9363549,163.9884125,155.9625095,173.0557781,180.2111598,140.9172326,127.2387921,89.04023373,73.58343714,73.60360658,269.3527283,208.1819912,302.4612021,341.7424127,361.7787819,324.4797232,190.1141983,248.7494689,172.108171,238.6859242,254.8429523,161.1456589,158.074619,165.9461545,188.4945995,192.6898787,197.7786725,193.6234996,251.7859282,241.3190586,162.0955279,249.0084776,152.0726587,182.0729339,143.4569168,196.0172799,156.0589161,148.5664488,163.3963247,173.9594424,193.5836268,191.7278951,246.8309113,212.0037764,148.2640371,201.9710301,127.7478893,195.0832939,170.7657724,95.29903179,48.61046711,64.09307551
Rpl37a,252.367174,202.1832146,160.7414797,120.9771934,117.3756984,94.72013438,87.5798493,71.27323829,127.0156564,82.90280111,80.67369538,51.39190306,65.63626967,70.87176417,109.0271974,97.42635966,94.67112629,105.3153245,73.08640217,113.068999,106.3570904,96.97185774,51.15865992,54.6958545,63.38136829,238.4613328,230.4107259,162.5917148,164.7370936,178.9923864,189.2600718,171.0696292,171.7959013,172.7997208,160.6008952,140.6558062,115.9014933,109.1398258,105.0880361,220.6352877,199.6459076,210.4122384,195.5377694,196.9228152,183.1518456,207.3577665,223.6039327,201.5281517,172.363871,129.1117994,111.7051749,100.795212,304.6894115,290.3539875,260.0189215,294.7926206,297.3997942,215.1775319,237.7552653,256.1462505,275.0619826,299.4110566,303.4792826,205.3803915,152.3934071,199.5182193,276.2345667,224.1511145,206.6265949,215.8342139,223.1719981,202.2226122,181.1453139,178.6885879,237.0470254,228.4996805,149.7223566,233.2759247,175.1009246,174.124192,220.1047641,235.4308362,224.4660885,228.8769035,175.53095,174.8098798,199.0001668,154.5594909,182.8781797,120.9977789,101.4205054,75.96222033,65.90896509,64.27266466
Rpl27a,18.52636755,19.07577689,10.50848364,8.150034493,8.268913499,7.095593228,7.259609606,6.534312434,9.484206526,6.879331904,6.62434773,8.300376937,10.40117815,9.04312257,8.087039835,8.559023689,7.806948681,9.087967564,7.677537488,10.53602751,8.909202636,8.826914592,7.52228793,7.966627116,8.32159184,15.81647372,19.9445692,14.63312087,13.51759157,12.92820258,12.94083593,12.65949006,9.450375507,11.08956303,9.869978603,8.491842502,7.507754593,8.094614081,7.26809949,17.45574518,16.22705752,18.323833,16.23829463,14.44633403,14.58245664,12.59347056,13.84629689,13.68259015,11.19374073,6.729449858,8.052017292,7.412987505,18.38982891,18.09757131,21.83782765,20.95393798,22.60516956,15.61632518,14.61895135,15.18716403,16.17263114,12.11664151,14.44554773,8.782954165,11.075418,8.552377028,17.06613769,13.75198354,13.13958593,13.82904706,15.45189351,13.39450117,13.5024843,12.01942379,16.4221417,13.95681614,9.041091791,12.98468398,14.10586567,11.02963095,11.98572852,13.05125239,10.77071753,13.48484725,13.71520648,9.895676794,10.4012592,9.538967995,13.88006966,7.850134868,7.774542901,4.875126696,2.091556184,1.816696048
Rpl9,24.11087266,20.05475576,15.28509035,12.14234708,9.719538167,9.511993354,8.926165255,5.73771322,12.94803971,8.196765207,8.621495654,5.324981587,7.714011633,8.252867391,10.68775954,8.291711944,7.724791315,10.21749357,5.876013084,10.93754617,8.602318424,10.0782147,8.435827167,5.250186234,5.946860124,25.22322891,25.31235431,17.55903881,15.85928213,16.11254516,17.78076083,17.75564215,16.38345807,15.12242235,15.76476787,13.78340797,11.66432973,11.60614691,11.85126325,19.2799954,19.10118273,20.68800857,16.66680101,19.47232254,19.76262386,19.54046857,19.82636747,18.9018691,17.50526142,11.5794539,9.788111191,10.37130507,29.85084485,26.11055802,26.67113105,31.45043922,29.68825911,21.26718235,23.4618985,21.21707823,23.93636614,20.63095099,19.55740248,13.51543389,12.06630518,11.74125384,25.36443652,20.10005559,18.62721321,19.66137657,19.81343191,14.62573579,16.79724004,12.31267623,22.21544224,17.2841179,13.94972808,19.41405758,17.87353193,16.51092103,21.81363218,20.5353111,19.76085463,19.88150081,14.00337283,13.59277334,15.21398184,12.59745794,18.4390867,9.971384803,8.869157583,6.551053126,3.709269487,2.75404958
Rps8,131.1310525,158.5156229,79.43408383,75.56447398,81.38488669,59.69356072,51.33948322,46.70207752,65.14788797,42.97134562,40.66430875,20.88976421,22.49490481,22.99438385,65.52230596,50.2208667,57.14727759,55.12899634,52.47875461,58.06893584,47.78332325,54.39974606,22.03293062,26.05231141,25.63428653,171.2351261,146.6171718,112.6285414,123.3138477,113.8456279,126.0277442,105.6913498,102.5353114,103.7304143,102.7868386,90.87159736,59.38695987,57.03054766,60.26386403,142.3750497,144.8534496,133.3934784,121.9272598,121.9171853,126.0581582,122.4964087,129.5733787,128.3030387,111.084654,62.19229827,54.91746068,41.52755409,165.6578765,162.6487316,195.7416376,211.7818605,172.2271338,172.0905781,158.2704826,182.2875127,176.8185332,152.6993377,163.4711277,76.73656547,75.95989711,73.19587054,128.716001,134.5898505,114.0683798,123.9774488,106.6277899,120.0852304,74.14744071,121.6899155,134.4154892,112.316315,90.13663529,125.8077108,114.4838979,84.41769029,102.4713371,121.2182581,113.129132,128.8896792,130.2240154,106.8495101,103.7711743,102.038224,115.7616995,93.46372457,89.48645541,43.73391859,19.31255511,15.83127859
Rpl29,2.688452846,2.618979473,1.624919081,2.171216116,2.097456235,2.121428284,1.829496004,2.030791258,1.154889742,2.073355593,2.056165079,1.973595643,1.487213209,1.330562839,2.012667573,1.96983824,1.896728615,1.95776541,1.678697123,1.382296281,1.943496345,1.878569324,1.505799847,1.239173634,1.023792957,2.427002556,2.291845479,1.778972854,2.093286877,1.828360881,1.911002559,1.548674374,1.529224244,0.654386569,1.335844901,1.087126734,0.7633643,0.459877233,0.901172879,3.458473553,3.007906576,3.467307047,2.840614744,1.918100792,2.389367272,2.328518543,2.146547402,1.927914219,1.761742473,1.058608162,0.837637826,1.101006196,3.334237957,3.399193536,5.169553016,3.891403334,5.027531128,3.939557216,2.414573956,2.298501827,1.589578402,2.339920915,2.140129682,1.86020178,1.765103838,1.468424857,2.603816175,2.15234325,2.174655818,1.818603895,2.133844791,2.134525191,1.903209437,2.03542196,1.573728341,2.054928726,1.832584876,2.982293697,2.297602306,2.656689205,2.155286185,1.886015909,2.09670873,2.19178245,2.926618862,2.107077196,1.285979271,2.304667988,1.78512011,2.093465256,2.104768119,1.709922704,0.931211789,1.066741877
Rps23,9.378196817,12.17151656,4.804743466,4.861710069,6.145176576,6.662614608,6.598235353,5.468608495,3.722646448,3.870210076,4.281137766,3.224236518,2.466571979,2.796205729,4.316211434,4.704468395,5.347289245,3.731896178,4.436055768,3.05932889,3.958118016,4.291335719,2.269335987,2.268965502,2.092311654,8.989017714,11.15177069,5.871114987,6.341438795,8.537639174,8.582923715,7.6962083,6.717220603,4.690561849,4.536097041,4.038164453,4.214483873,3.106371651,3.433196208,9.743218293,9.015625087,10.40538226,14.75152055,8.99347806,7.239030396,8.972381088,7.020395434,7.238797655,6.226730195,3.949054872,2.297950576,3.128809052,11.90151656,10.84597839,10.49212212,13.4407727,15.7459392,17.01871378,14.58171188,12.99211507,9.047148218,10.22754009,10.49732456,6.497182277,5.270204648,5.185129032,8.68607226,13.01753414,7.864091317,10.09713796,13.12326082,12.3752304,13.25637558,10.8814988,10.20408891,13.2119395,9.014235868,10.61832207,8.125712215,6.648786426,6.429274156,8.756623234,7.952529572,11.31467786,11.99104993,8.337271943,6.887782487,7.724975262,7.760808916,5.934582535,8.762987081,4.067565313,3.613349054,4.019430675
Rpl36al,30.62934575,30.61200817,15.43514504,14.00733514,13.91170275,12.2770398,11.81536269,11.06699199,11.01807204,11.77055973,12.7405428,11.25998932,9.836689136,10.52695339,11.65750662,12.87560885,11.09895595,10.96260441,11.72290604,10.87384449,12.37072217,13.80212494,11.96284167,9.575066399,11.44770014,39.55800596,34.58476265,23.09565633,21.83928949,21.89109282,20.37871747,22.0334781,21.6509782,21.17826159,23.06212615,20.97356935,21.16542551,18.68829682,20.02516659,25.18049144,21.6444503,24.98579185,23.05499639,20.00898937,19.10550989,18.84699303,17.62473856,19.28711797,17.04396139,16.71573109,24.01825198,22.47919419,43.72527038,28.59213832,57.91775146,55.6628648,65.77608845,50.69824166,49.73171517,52.13840141,43.26652347,43.55803127,46.98259454,57.59236186,82.51898547,69.95142996,23.02675143,16.47763508,14.47459261,17.6149819,19.27147387,15.06167164,17.14429683,14.51750232,12.77439189,24.67066857,15.9798188,21.95361394,28.19107435,26.59026084,17.9427438,14.63602129,18.90770537,18.16919948,18.70738783,15.08714308,15.704049,15.5474668,13.75457112,15.3631736,15.07110515,13.71419405,16.92634408,18.76020074
Rps10,82.38222125,36.76345096,27.37128958,19.41206319,17.35839204,14.05960077,12.04971079,8.385352873,26.25201412,11.92042534,12.35619163,6.137946906,9.442627026,9.907339245,17.74722897,13.87355001,14.14158772,17.19111564,9.933859499,21.97071256,12.6534759,17.05714904,8.010526741,8.301077252,9.935877594,43.51822964,41.10969245,25.12702977,27.57840682,27.49609794,28.02896421,21.83406906,28.32597833,23.36426241,32.85142264,29.32519888,13.18527807,14.29810413,23.94386591,35.52570391,30.71487268,35.48352471,28.88367227,28.67965826,31.90585571,29.14311657,27.34535854,42.89552381,35.72102818,14.63773807,16.9478872,20.77701336,84.87187917,60.39730389,43.17640064,50.5404771,44.26808082,35.74784743,38.51265728,41.36894912,49.34513157,44.74098279,51.72276822,25.1744804,19.66378165,25.24867359,57.47804627,49.42609844,40.93456089,48.36454986,36.58679499,28.4948579,28.85308922,23.21998234,53.94346437,34.17387478,23.26207414,33.0081362,25.21076806,30.92098083,44.73380797,49.01886817,39.70925423,45.08068436,29.68720621,26.66839745,24.26921207,23.03941461,40.77316955,11.67641288,11.41291614,10.30873694,4.00361387,3.280338551
Rpl38,9.782491744,8.793754213,4.295287586,4.697532767,7.366593322,8.369194963,8.885572779,6.067913959,5.125316476,6.686798839,7.064178035,5.122622277,3.974956958,5.003269874,4.663935561,5.06676903,6.969129351,4.560185066,6.541281747,4.103885426,5.141933734,6.083055526,4.221897055,3.395845125,4.557293571,8.241619234,7.789511326,4.38358942,5.41221823,6.190864425,6.918454536,8.039229968,6.206569418,5.051316904,6.211764293,5.587883738,4.100211074,3.680106912,5.478786954,7.477254193,7.570727668,8.793780412,9.451141048,5.646682357,5.506144997,5.467955538,5.372573502,6.79449982,6.443396676,4.325886241,2.708975791,3.416907624,8.676671987,6.427044443,11.01499625,11.62544639,14.78669463,15.13232725,13.4392907,11.98229334,11.63806156,14.85733211,8.638176148,9.140635871,6.88857515,7.88720437,4.943295733,8.02128089,4.425667341,5.182990299,8.534784911,7.279477777,7.519664246,8.688474133,5.560740664,12.91458615,7.430884032,11.17829925,8.308550562,8.571320038,4.05169557,4.910188224,5.535936698,7.620230485,10.31003598,9.536691892,4.859159027,9.507294311,6.089084855,4.292519413,4.8146801,4.619700869,3.645069907,2.660761294
Rpl32,1271.903476,1343.439635,663.2103647,663.8610511,687.6824921,582.3571845,542.9901352,517.7308875,440.5536243,460.0137587,454.9830125,234.2797973,204.9567353,215.9940427,531.5865191,574.5003056,490.9349053,402.2956888,504.2200552,393.1372738,430.7178947,515.2144679,255.551736,198.9439989,227.5425523,1277.194649,1020.124552,807.3279381,978.4668674,732.4480094,800.164464,738.0357444,677.7658642,745.1504348,632.7112514,561.727312,443.1237045,412.1204588,427.9653618,1013.19219,1083.889734,1042.855553,819.214641,794.876361,861.9100344,842.3533031,916.8236293,853.4539031,798.5236636,489.7878357,438.4762249,380.0800764,1422.874007,1094.399762,1583.162116,1544.691918,1751.851164,1496.627549,1145.463268,1249.681062,1247.183273,1203.609568,1319.268544,725.7088311,687.0927001,697.6620805,901.416879,937.8245093,931.4306596,890.8853935,1174.41381,1039.54795,852.3278701,914.0919205,771.6290066,1012.904837,780.9512417,964.1222056,874.4418352,759.3156172,770.799204,762.1188185,970.7799611,941.2299515,1057.464695,911.4631732,763.304261,810.090674,694.8292941,758.3185087,750.2467019,517.1097244,415.2072549,428.3101696
Rpl36,216.2601668,200.6048393,99.7049129,121.2893203,153.0478987,130.1873556,129.5302659,120.5527577,60.16243654,94.57164867,92.56856124,60.65992871,50.93292847,58.12662128,92.62548667,118.1100159,110.7755011,85.34977851,96.17548173,54.70265973,85.25307098,107.6196863,77.27355498,59.69844698,54.12278903,191.6750011,98.70915125,83.29212234,136.945609,150.2007504,134.0179633,137.7416777,106.5557879,75.88990397,130.5058479,119.3956007,71.33623527,48.04510365,126.587015,156.8380869,200.2303901,165.8247078,150.056215,98.61127325,132.0147248,112.8131322,97.18938358,127.5723146,118.6365568,60.13473867,54.21880694,77.37776629,287.7837714,152.0684238,336.4005044,284.7553768,368.2240621,341.3975374,221.2642688,238.1621772,177.0672772,253.5991558,270.1138529,193.7815329,186.4780876,190.7636113,113.3036705,162.620121,151.8515565,150.056287,246.8210005,197.0418161,174.6601007,192.4306322,96.37202292,196.1936452,181.9499064,193.1745104,170.481116,161.5117624,94.54441299,85.9734054,177.9623346,180.4178512,262.8201373,188.1143409,133.7044443,160.3961345,91.3341795,154.5292238,147.3869326,87.81105284,112.4691292,117.4580198
Rpl23a,5.963142187,5.219335591,3.416163449,4.715665839,4.587744811,6.197916062,5.777123102,7.027209245,2.555286641,2.686216639,3.404605589,2.239092038,2.084884808,1.891092942,4.513636772,3.948778061,4.482310538,2.841802939,4.712296709,2.23976231,2.804760505,2.566417888,2.227044004,2.22109298,2.0377576,4.817836375,3.405868728,2.192603094,3.797626117,3.311816741,2.167513056,2.724074425,2.328442667,2.208727456,2.039112218,1.988585173,1.648929971,1.582546317,2.652069567,6.357310694,7.870570017,5.554519553,5.665863249,3.346867785,4.211633959,3.633487286,4.069044398,3.12627036,2.974680954,2.454427777,1.2751868,1.800564869,5.951581876,4.119994593,9.183939352,8.186132244,11.68749009,13.7027536,7.783152488,6.680917964,4.662588868,5.225327726,5.334277416,3.042986312,3.229002515,2.004264853,4.565797139,5.033973809,3.493778846,4.488181057,5.263437985,6.068214548,3.682154983,6.461969155,2.52202989,3.606138295,3.444480664,5.434715564,5.746407041,5.102876348,3.544686431,4.570103856,3.632332052,5.178071528,7.673808624,5.945516271,4.312728781,6.841019077,3.355267078,6.122058843,9.444148655,3.786359116,1.509848334,1.338487232
Rpl30,22.21961557,32.62940766,17.47951115,14.58961398,12.26016928,11.1730813,14.59003744,7.589585225,9.984793606,12.66276586,10.19717244,5.992106423,6.066316773,10.38690371,11.89828219,10.75072174,10.53801163,12.57619453,6.868578876,8.216523801,12.28750798,12.20778817,7.414662549,8.92782475,8.324166647,22.02114586,30.76418798,14.27889244,16.66190753,14.64927229,13.59088314,18.54998952,11.40838695,10.46556647,19.17908083,15.07050969,13.17104787,9.242189939,17.38628855,16.80277018,18.73568121,20.95503425,15.37907907,16.35512006,19.20312819,14.18930407,11.85295967,23.50855837,17.32963317,10.85968939,8.978793635,12.43743752,34.08354166,22.74432651,31.62341721,33.18694882,33.41771719,22.71517516,30.93742643,18.944876,23.25499037,30.3110084,22.11917445,19.78745685,15.47366947,20.0649615,14.07247719,19.20226201,16.86788327,20.48232467,24.61595271,17.24694313,25.10005529,10.54023806,13.19283018,28.14316852,17.90758843,26.83007766,22.67797837,21.39540836,15.25968363,14.63953998,20.37892387,23.98463287,18.78785633,14.61377626,20.35283958,8.903083906,12.08161358,11.95552064,10.08923887,8.550480649,7.796131005,9.927335703
Rpl18,50.26547315,39.46251167,25.65560752,24.8561357,24.99921101,19.53586592,20.17111886,13.39762648,18.29717576,16.01820688,14.99148046,8.332201137,7.534406772,8.0489398,21.12580037,19.98787244,17.48582211,15.90646777,14.01458976,15.55476924,14.67285482,18.34934806,10.07870623,9.590690942,9.51672935,48.60439885,42.29460721,30.01181642,33.6313823,26.81047808,30.9713112,26.18051694,24.96957812,25.23687358,25.1501898,22.35136813,18.54247356,18.76461427,19.28276459,43.56814067,43.02531897,41.6742899,33.49647649,35.62970495,36.24975747,34.00803772,35.91535063,33.08340956,30.53480682,19.18642959,19.29828408,15.26085481,58.02651501,47.15583752,61.37444736,59.03714635,63.64826056,47.60308632,39.16173091,30.88470454,33.76790774,38.92801083,40.12205734,23.89660394,22.88628366,29.54814472,45.42160263,39.06415513,35.23162535,37.62066314,39.71438663,32.04031176,27.52139804,27.81957628,30.34127426,32.63762438,26.21885288,36.34953118,32.43276721,33.11765931,37.40625992,36.47075156,45.29176632,41.28448356,40.43157277,34.96514229,33.03259981,31.04982494,27.97638891,22.2528071,20.6173734,16.42474408,12.91307308,11.52745156
Rpl3,9.114132131,8.728929128,5.19150111,5.286126299,4.219287205,4.287897457,4.252299664,3.690901483,4.124777965,3.628210133,3.962304406,2.430016771,2.392403269,2.466891472,4.390957461,3.868424781,3.945827732,3.912122581,3.580768567,4.06494476,3.526376941,3.831101245,2.526416264,2.372916336,2.407181627,9.969287892,9.484417448,4.867737657,7.275203724,6.731985972,7.028613382,6.298679989,5.602940986,5.718022369,6.404231775,5.326255963,3.610577156,2.026109831,1.929932909,11.21614354,10.83729847,10.36954601,9.071712891,8.666821425,9.312630891,7.93119006,8.107874393,8.264727125,6.897662351,4.193235369,2.736893284,2.406221882,12.78977041,10.66628902,22.16541282,23.70403983,20.53477189,16.14129675,16.42396084,11.97686048,10.21461587,10.75580024,11.33228932,7.016165317,4.894249435,2.985574393,13.12666565,7.584194386,6.663884309,8.232332994,6.506208419,6.623319601,6.291498276,6.17067547,6.725574358,6.606931055,5.586254518,7.977545361,8.214400708,6.846224501,9.439570117,8.365209248,5.948986547,7.551457484,6.833261795,5.967390298,5.681731801,6.394572224,7.303984289,7.580811756,7.407325724,4.283111515,0.872823297,1.088299064
Rpl10l,0,0,0,0.031514182,0,0.062300255,0,0.013334136,0,0.011141524,0,0,0,0.021678744,0,0,0.064595551,0.013196541,0,0.073597139,0,0,0,0.031274004,0,0.017755197,0,0,0,0,0,0,0,0,0.020369213,0,0,0,0.02447289,0,0,0,0.05215989,0,0,0,0,0,0,0,0,0.014339227,0.117656321,0.04153929,0.039170768,0.066547583,0.025951865,0.100848825,0.023370342,0.067468143,0,0,0,0,0.049055021,0.058864804,0.523772605,4.144770348,2.949505971,4.917581698,4.746918609,3.195510266,10.46606432,7.258101762,12.50959778,32.84938814,23.44943628,1.716818737,0.495000868,0.281828347,0.45809997,4.112485495,27.26967987,16.36016384,13.0306564,13.52677499,12.76730264,5.184082008,6.541781562,4.748122988,9.642949788,40.58816087,122.9154526,124.1988576
Rpl35a,22.23872462,2.366689403,8.478867076,15.95470052,4.405652985,13.81981398,2.168220078,11.04307355,2.284742796,11.16590862,1.491309335,6.476162171,1.434642194,1.618199645,12.48206882,8.15910297,11.75257227,2.232612995,10.33539648,1.928616005,8.870916679,1.643661775,7.076863284,1.863922393,2.345613654,33.52650635,16.70330491,18.49216831,21.15818951,15.88759852,15.56000509,14.90428228,15.04987201,2.166744624,14.86594528,1.665857201,12.31222872,1.110475678,1.413620183,47.09733601,35.87050962,21.46004632,17.77366693,16.64735145,11.79508743,17.51377187,2.86044846,17.92963234,2.724797879,15.48548087,2.060876199,6.84679708,30.71800182,2.26465923,21.75352366,33.11232943,25.7590933,35.32521609,17.27107401,25.7035124,4.136056977,13.61292487,3.684879528,23.67941125,3.638800975,4.695705945,18.16191968,40.66016567,31.39728697,19.21479254,31.82773353,12.86868185,24.60794075,27.30067279,12.07289578,22.40649418,2.293801971,13.42958265,3.559241184,3.450157446,22.4022344,26.41479485,20.66127326,23.40234091,16.36838111,14.24601173,14.55746344,13.67354678,3.015952472,11.18021009,2.510251846,15.06404613,1.090062042,5.070334298
Rpl26,3.20731413,3.728541073,1.721975235,1.614392316,56.96061751,3.026970952,2.588371985,3.133297788,1.294895105,2.081230032,1.821499948,1.447145072,1.091806886,1.384417911,1.630144347,47.35809569,2.538676469,1.643324385,2.994096004,1.602808759,1.761438004,2.162738285,1.925543182,1.032815754,1.285143541,3.845844409,2.547264488,1.800899569,2.053212836,65.38997437,1.635871132,1.961262881,1.585442755,1.480466167,2.044348002,1.844463551,1.309032852,1.53762796,1.332846079,4.026425001,3.421503122,3.386929634,77.94878068,2.338927396,2.322760716,2.637516542,2.527130293,3.113844968,2.807510943,1.767923789,1.380747437,1.513631732,5.255864995,3.727460007,6.535717249,5.196922285,148.381657,7.387092373,5.48674837,5.40633496,3.989697495,4.582275122,4.369068156,4.408077461,3.585084982,3.970970194,82.85376416,4.233132997,2.124680175,3.011796035,64.725394,4.199435628,4.376944405,5.738056812,2.48961205,6.16871044,3.990044542,4.7481689,3.938120009,4.097152425,64.27076985,2.723715654,3.550998671,3.954161931,98.1392535,4.834647608,3.371236233,4.435867472,2.444231565,3.098015031,4.576027138,3.139524107,21.2689371,4.078293721
Rps17,113.3208166,111.004554,49.35219298,48.6008112,62.35223997,45.65004156,59.09939068,40.74461367,23.394286,41.48308264,41.33317121,24.31657793,19.1737361,24.0481767,36.97106501,44.44572814,37.49569742,35.24742283,36.93237554,22.91868279,33.68376659,43.1097197,27.66893788,24.6267752,21.25415323,87.66891173,59.59727914,51.0541547,63.94085529,59.86986487,55.29917081,60.2154973,47.81115582,40.05688247,54.47155295,46.52817111,35.66695938,32.96134984,49.47181025,65.6331005,78.21327328,76.77045228,71.30486569,56.27301752,61.52133997,54.40720184,48.33960608,60.81577342,50.94160904,35.82402837,26.87133032,30.70373696,120.7701881,62.00862409,124.8797809,131.4271799,162.2442402,126.306623,109.84819,82.48926552,85.26084734,107.1390865,94.59781106,90.44497499,68.52044553,69.39223982,44.24271651,69.98978026,54.77549188,62.24549655,110.1342065,77.9340614,83.87558492,76.6114142,41.06337704,88.64022232,68.73263399,76.57909637,72.73029078,72.0452458,40.27925308,35.58310618,61.00331634,68.69261683,93.18938555,59.6941555,52.25301879,61.97081766,46.48490011,79.02619319,73.8993412,41.54853535,30.57457899,30.95410277
Rps12,21.13704586,17.05093904,10.8101573,10.85926588,9.247709031,9.865932349,9.886336667,6.791149518,11.97796931,9.556228082,10.08694075,5.122569883,5.627165602,5.647924068,9.215921459,7.730338088,8.609710434,9.137624296,8.635373426,9.632030282,9.313876708,10.81130929,6.072075623,5.790999453,5.577050331,18.21676001,16.47943586,7.955331665,11.17750467,14.90604023,12.19910689,11.45706063,11.09234752,8.442402368,11.63518003,9.935556693,7.652897466,7.215226771,6.538375004,18.01828021,16.32571272,18.91252794,23.98938524,16.38113982,14.80368852,14.84600865,11.92162523,15.48871141,14.7176114,8.408746046,6.961796208,7.566201991,25.76066886,16.67578004,28.79288958,35.72287688,37.13991134,28.64659005,28.16998798,22.16639832,19.46657826,26.35821427,31.21207413,14.08808811,11.93204521,10.46498177,18.02245589,15.47494096,9.243040088,14.91665418,14.53469687,13.74448563,14.9198864,14.10732314,12.28266884,14.58586502,10.45301257,21.26278241,13.65354505,12.49767225,12.53589484,12.51105463,9.674951058,14.42918807,14.78849508,13.73552751,10.20440866,11.74991189,12.32599063,8.923415223,10.8931866,8.195494871,4.586487716,3.834149649
Rpl34,7.179145535,5.656148099,4.402839656,3.638367163,4.313914657,4.120847203,3.976505447,2.964514598,3.134010194,3.361175116,3.301077209,2.283481267,2.087740383,2.477143391,3.409607697,3.553540274,3.935539699,3.083768799,2.97502486,2.648933518,2.86144005,3.451722119,2.709542785,2.200134598,1.99890152,6.064905367,4.527683239,3.465595405,4.236623323,5.003374688,4.461812199,4.611668387,3.789833961,2.858333804,4.066088518,3.300884083,2.972495231,1.474243513,2.229119827,6.829534491,7.323558192,7.22122654,7.334429111,4.6796853,6.005559573,4.701732531,4.530384768,5.253825378,4.973762678,2.578022521,2.161193737,2.10106153,9.248484991,5.248518177,13.88012885,11.55374804,13.83916089,11.69421749,8.518381385,7.462051928,5.88706378,7.768064166,8.257089802,7.077417028,6.266483844,4.878293743,4.742217087,5.04866426,3.851624936,5.277589702,6.441359874,5.291573012,6.100970393,5.50549128,4.276298415,6.506854989,5.39546107,6.890883759,7.595733479,6.367968645,4.264460739,4.331593041,5.591293882,6.278598357,7.219989652,6.001485984,4.645676289,5.761257467,5.015274655,4.556691964,5.665057684,4.931035068,1.641911293,1.411666131
Rpl17,12.69220286,13.11571222,8.475702586,7.680842685,9.814673908,8.467950246,8.939757229,6.645419706,5.378767342,6.660280025,6.549653172,3.898616594,4.246443626,4.638580268,6.577445311,7.585991914,7.937513132,6.368118679,8.109548172,5.102253193,6.553363166,6.420048384,4.850706792,4.458279752,4.40572492,13.46124917,10.21818642,8.344600659,9.361714685,7.831938821,8.402473021,7.738333904,7.069496917,6.871767134,6.355482005,6.727683741,5.020083581,5.140081879,4.521357075,14.03132542,12.57300314,12.08622792,12.69544283,10.40467926,10.57083091,10.18152639,10.223541,9.450528875,9.641870899,6.290096943,5.618461309,4.753384431,15.41208071,11.52393402,21.0827385,19.89990696,24.59574414,23.75453312,17.79449022,13.66795283,11.0492613,15.49012692,14.53140384,10.99228064,8.796028651,9.384456039,12.15847852,10.93811108,7.764892081,9.818210437,12.41637809,13.24391384,11.65220906,12.86482504,8.35578852,12.64554376,11.0514956,14.06272116,14.1912972,12.04592811,8.71247317,8.755987553,8.488628496,10.84789642,13.14482588,12.35881234,7.771753318,10.12309631,6.801660556,9.992665709,12.29833246,7.869004266,2.66093223,2.594125681
Rpl7a,84.08981725,83.05798684,55.2238724,46.68127476,61.58850038,48.94363744,35.26804975,40.36052392,37.59510895,34.49366367,30.69828157,20.47194365,17.27915369,17.74028569,39.53055348,50.10804741,40.65337239,32.70624195,34.58542545,31.00019046,32.37163488,31.46368268,18.13640983,15.29125827,17.34290589,90.76952243,71.63099732,51.40027022,58.35133851,57.4089892,54.07857187,46.81646299,50.96189299,40.83556804,46.14379744,41.41911927,37.03865748,33.37446797,30.48613175,79.34954522,67.47159097,67.45754889,75.14081665,60.86423255,52.54961578,64.65127034,55.64582701,50.618294,44.30696444,35.84874557,35.9882875,33.50916549,85.92148518,89.00873766,107.1034687,101.8668459,149.989714,106.5079847,77.04605222,69.74797366,60.95348656,71.70120889,65.78879457,45.1838619,48.34005103,56.69068606,88.04975112,64.89980131,57.91619417,68.11677543,73.56654141,58.43348728,49.03400015,62.47141283,48.43606581,50.59742385,46.40534066,57.63221626,49.13367429,49.42694288,73.0205417,65.23391222,72.91932654,66.10273128,80.96226999,55.66748082,44.48177565,49.29012482,40.81859762,53.2694225,53.44766749,27.93663478,12.70144693,12.96039992
Rpl35,115.7422164,133.8839326,70.75285481,81.67403596,110.6329548,72.77867287,60.31049809,83.56067329,57.14978644,72.67704049,69.91679107,36.41901995,22.38646822,25.16463485,63.58509976,89.61740681,64.17675545,54.81071663,77.16429662,51.84323175,54.75485861,59.67505829,27.26323922,27.95999078,27.10842615,130.2763126,93.63513146,73.14138808,105.4174466,71.33307763,73.01338979,68.35854404,56.03757953,79.85990926,80.35121984,75.19245772,43.55554239,44.31238196,58.10470156,118.0208426,122.1852922,94.44485108,82.7696751,72.84033151,81.10553351,66.54319724,77.34945623,92.04610941,77.61658063,46.49350324,45.81492975,35.72692874,144.1096483,110.2366945,224.3422624,182.6233566,256.242449,184.2766342,155.2597035,161.0724166,151.6532479,132.402189,137.2757865,82.21867803,67.75504301,68.35580696,91.8078235,78.69710451,80.34815552,78.37770669,118.5029043,96.39976661,68.9619863,108.8860791,81.38150015,132.6020686,106.2426184,89.27901698,90.28465595,78.30627721,76.33432741,69.56600592,100.0626036,90.40277616,114.8233422,92.34930347,79.75534067,90.76561695,68.77438437,108.8265878,74.39981022,59.8448422,56.0477241,63.37710602
Rpl27,16.16593406,11.13931029,7.48940512,7.952300201,8.329866116,6.495027047,6.354064662,6.419754228,5.155080487,5.459710493,5.255408162,3.281905073,2.131914131,2.63212559,6.927465873,6.979028953,6.162214389,5.163487078,5.646652829,4.392761998,4.876628721,5.809719496,3.833301784,2.698631397,2.274564827,9.046692169,5.408403038,3.190128223,5.323029286,4.38046303,3.975933227,3.450535614,3.223475759,3.200799244,4.94181725,4.730280041,2.317962229,1.625343437,2.633080016,9.259668286,8.68750836,7.873300565,6.588905805,4.313606839,5.625947744,4.001178465,4.201998499,6.093481305,5.970681788,2.343061969,2.252902953,2.470955342,16.34706598,12.41858073,20.16620702,15.52271137,16.2867294,11.13053383,9.403987937,7.520968588,5.103221749,5.637165847,6.354075425,5.139375882,3.959115428,3.37631316,11.57587523,5.496986494,5.016691708,6.197838464,6.226243567,4.645401378,5.988162275,4.611299352,4.399673957,5.606097015,4.87260255,5.783464186,6.597141023,6.256013204,8.117886415,5.897313487,7.462000365,7.479713111,7.831904074,6.130028665,5.785017096,5.697204284,4.419489963,5.463518371,5.31025196,5.643775594,1.778580541,1.89753547
Rps15,929.7859697,711.4488749,492.212872,477.9744124,570.3061472,477.7320386,411.2070728,438.2625888,370.2771194,358.65313,342.5988539,244.3976109,275.6656862,311.1375875,375.6308354,440.5595084,402.426149,333.4152124,409.0585231,310.5350342,365.6830602,385.9103445,240.7865609,202.9833908,239.6257075,839.1524567,673.7726329,575.9155098,652.8030957,583.2190453,599.7435357,558.2259783,502.6168408,526.375942,484.9307843,418.1905961,346.8057872,353.4996743,422.1504605,699.153556,751.977449,717.8173609,620.4767825,604.5018443,590.4650518,586.8974711,618.7519087,547.0243516,479.31891,339.8626478,344.5959858,292.4659386,988.5997515,790.2419584,996.136884,1059.283903,1300.434103,1049.136502,710.1326779,703.4674043,588.684774,724.7364576,721.3302315,432.9632909,432.0000154,499.3905029,658.216186,686.5734579,607.7963196,644.8607495,827.0229686,696.4523608,558.3109191,725.2967707,559.8965966,694.5587245,543.7054493,671.3353467,601.587571,569.5284751,592.202448,594.8915577,645.1538504,656.4112542,812.9667225,628.2062823,526.715926,616.2716806,486.1661735,543.5151628,503.8701632,307.0801896,183.4661713,169.0053364
Rpl7l1,60.64799545,70.34190851,34.623063,31.221479,26.15508231,20.98199139,18.83721713,15.56935954,17.91457238,14.03808563,13.975242,12.68411465,11.86235445,11.63669436,24.07030955,20.14713521,16.56258969,16.15108206,15.08770184,15.71404165,15.47026314,16.23310103,14.4649659,13.40288611,13.44130795,43.2686721,50.18414276,29.07519865,35.45054848,29.28452012,34.00903893,28.66873494,28.19043462,26.79668729,25.24797055,21.71294259,22.82900337,26.10791881,22.00284339,49.02013898,46.6128957,47.3534871,45.44677205,41.86156025,41.63342509,39.04392978,35.46707229,32.71225518,29.12003182,26.52723458,32.685157,29.83436869,66.40952249,63.56870948,67.88151071,59.33485051,55.27027595,44.92952829,43.73570276,43.90362917,38.99617558,35.28709708,33.0222644,43.05286869,52.55011111,36.72672106,55.25569693,33.81472652,28.61666645,34.56203803,29.68540457,26.27280463,27.87024161,26.05911146,26.70104677,28.62610808,22.68500795,28.09010496,29.21565461,27.14827296,45.19548534,38.93960697,47.01875553,44.15341432,37.15030465,25.18120154,24.3502418,23.77953424,21.58186481,23.46671644,24.57801672,26.01255175,11.14726295,10.26451975
Rplp0,685.7661198,606.1753143,350.1275698,339.1910697,342.6318032,276.1044836,264.6569111,272.0189978,268.8295051,254.2772521,248.7874693,102.9600038,59.87911545,59.61780961,282.8837584,269.7660721,236.7312892,224.9482577,246.1703171,221.560483,229.7143604,240.4330769,100.9166086,65.52569437,63.20767343,830.346606,536.1990035,513.8652653,512.2771491,479.4534933,495.7397286,462.1831309,436.8271024,451.2195272,431.5430191,371.7186063,317.1626799,311.0867908,309.6224307,591.5820366,645.4820279,526.236206,495.0076735,482.710022,478.0612008,484.1070196,489.7926362,433.1274282,395.049344,246.3061764,251.2028524,213.2357624,817.2591904,683.4381939,1171.424262,1089.559267,1111.365794,865.0195534,694.0074592,570.9948797,504.5753797,585.516055,627.1359558,274.006615,276.7870899,295.0559924,645.0403512,473.3375853,466.0234978,433.2729501,437.7928825,423.0513957,312.0861694,435.7290798,418.4546777,339.4460297,305.0188659,435.0369491,405.5703738,327.640053,550.8558685,489.376189,450.7550067,433.062519,468.8898949,401.5478225,360.1644364,396.1026293,382.4193852,359.1667828,322.4274114,268.6760312,272.7342804,258.529956
Rps28,29.16963663,33.79224981,22.57685424,14.2302224,22.35882404,17.2933547,10.92620374,18.17569059,10.87181114,12.48505085,11.10694246,7.347575196,5.906928071,6.327475518,13.40978248,14.95038611,14.32360362,9.653654293,16.38812261,8.934457658,12.82813436,10.31562102,7.031221337,5.082189393,5.223328453,28.26622581,25.64335081,23.65157131,21.94349194,25.13881021,19.6838928,18.02292655,16.44263453,12.5047007,13.5098664,12.49361273,12.9470149,9.72142454,9.160773694,31.73994998,28.0704276,27.33396529,32.41336084,21.50584313,20.07208349,22.61133721,20.60024294,16.2733929,15.56216022,11.689343,9.060193098,9.532268746,33.05484484,40.56609243,36.54852748,30.94280004,41.14185661,31.54495438,19.26982018,25.16671842,18.23624925,29.05852652,24.08144451,16.85803714,12.80770795,13.89679774,32.72475479,25.41187424,22.68478781,28.00840011,34.21846066,30.90849268,25.07864597,36.89872918,18.5586001,25.85207368,20.43128862,25.44211618,20.19691862,20.7216802,21.70159667,27.51487709,29.75807582,25.71653291,39.72389344,25.45088053,20.40485277,24.58927474,15.65480794,34.02165462,45.69011339,20.84146075,11.76194859,14.60355308
Rpl31,21.11743699,25.18086809,11.26170268,9.5276553,11.04007669,9.917831879,8.209135173,7.675818427,8.16348172,6.854166117,6.584262636,6.22589247,5.69397163,5.986964425,8.172320075,8.397216185,8.105708013,7.91027388,8.029691995,7.774690169,7.153473509,7.193963572,5.012693532,3.941116421,4.328748065,19.1933234,20.27517256,14.17714828,14.18423953,13.8040556,15.39768731,12.14064308,11.00489206,10.65684855,9.73917998,8.227532557,5.695937321,4.57204391,5.653763426,16.97289958,15.32278094,16.63477266,15.08292653,12.5927817,12.57565466,11.00225166,12.26363361,10.12704763,9.286015141,5.440950579,4.837432892,4.903950767,29.45784281,22.03265287,29.80404844,27.19421067,29.97757474,25.40263963,22.18326158,19.72104365,16.57249939,14.31432074,12.37220064,9.096621317,8.822039617,8.048817064,16.18776847,15.36876294,13.01449399,13.20223127,17.10193072,15.04297967,14.09687126,15.17105366,14.5320259,13.55168235,9.159603474,11.76308285,10.52557795,8.701409077,13.53956214,14.63285088,11.45769689,14.59824523,15.46600428,12.70161789,11.92381903,11.14399424,10.88223139,7.195861742,8.013682225,4.653557204,2.637032504,3.164967165
Rpl36a,5.442416802,5.657288322,3.223338628,3.591015381,3.96292239,4.365915027,4.498200941,4.860368258,3.001466695,3.63155478,4.207515558,2.57048365,3.100551859,3.291714315,3.084158169,3.889505009,3.352684585,3.21563422,4.355283642,2.798729552,3.170136799,3.951469451,3.061558667,2.98842052,2.974584239,4.167770475,4.349480857,2.636831108,3.932856279,3.541950535,3.301828251,3.343389253,2.820290801,2.663171517,3.136866804,2.386008963,2.028003959,1.436146101,1.486669241,5.765551837,6.089769286,6.419050805,5.577767444,5.185993044,4.656733128,4.917633065,4.476237288,4.591451044,4.112673462,2.599436611,1.81006291,1.885264817,7.341617493,4.935357193,8.477371567,7.687010742,10.5593379,8.025731487,7.17162489,6.069782102,3.999691032,5.593637358,5.327892874,4.31764398,3.670478099,3.097132582,4.361836462,5.153402213,4.244033194,4.486178262,5.944860307,5.646407993,4.619885261,6.402355419,3.76760013,6.547463235,4.357801771,6.047082342,4.886540245,4.715383772,3.949381263,3.331465057,3.179330583,4.271470125,6.578625568,4.810274917,3.371119263,4.037557685,3.711296197,4.094987115,5.243859404,2.049116618,0.179623179,0.203305667
Rpl39,143.1398205,145.8117181,63.50321122,49.18744793,66.1093514,58.62051456,65.39148372,40.45166048,59.33281573,50.88355113,58.01442281,32.58802046,31.80352003,31.87421614,50.08329546,57.31309644,55.07241363,51.9757372,48.00270814,49.01461596,59.22112826,66.39886003,32.9490444,31.19160577,29.66962539,121.1893231,131.2781379,91.88178366,91.90097066,103.4041081,106.912969,94.46700635,100.1038321,107.9098341,106.6942092,96.63446162,60.69753571,58.09236664,52.90203148,87.77071218,82.06798461,107.6813721,76.55286519,91.61718651,99.98887715,91.72484889,101.2682411,126.1122034,108.615635,63.69324018,54.62513429,49.00580499,168.5656316,115.7119,149.133528,161.2595433,216.2538977,168.8487185,167.9755383,181.328644,239.3024077,189.6220192,199.741,117.9663632,95.89717695,113.6970328,92.95697508,102.1496206,82.67487092,113.7722386,153.179245,104.1582982,110.362853,100.7149482,105.5958275,130.5218972,83.75162448,154.99768,120.9831574,112.5804084,70.00308655,72.02434442,68.65870527,99.97941928,106.0176906,88.63210588,76.2173228,88.53496362,97.93962256,48.38602293,54.41459021,21.31781247,5.181594673,4.921844738
Rps27,5.536114102,6.049841565,3.071960428,3.775172946,5.712754812,6.049458546,4.244539003,4.33139678,3.740391048,3.374558141,3.974700027,4.028173155,3.245862746,3.457958102,3.845126426,5.719303391,5.929992915,2.92814673,4.369651033,3.118594752,4.823477118,3.995650844,3.221395909,2.138686626,2.816890117,4.970375388,5.59373433,3.558086147,3.467144436,6.369803874,4.317956823,4.511018204,4.769651485,2.383392469,5.465964875,4.884858457,3.60964225,2.522976638,3.476410603,5.7776137,5.265600186,6.045699601,11.024054,4.063745549,4.449519355,6.302104217,5.683661296,6.831681595,5.065325277,4.540118854,2.461392955,3.588419869,7.996597685,7.968712368,5.257137757,7.700049569,12.9044475,12.10015173,7.637604214,9.689127488,7.244404336,11.1066781,10.50919705,13.26755332,7.330239425,7.358252109,4.500121005,8.3281334,4.47382588,7.099233177,10.75784756,9.442481551,7.371419192,12.25959685,4.709486836,14.622075,9.183427785,15.25352672,9.413331342,8.195825206,4.580405555,4.21760744,3.506162527,7.32497906,12.69021925,10.1607195,4.887165252,9.991580102,6.471145081,5.907282516,6.386333797,3.638939974,3.76973482,3.149370832
Rps13,5.707567327,5.870986176,4.455839794,3.501937526,3.383006391,2.785287425,2.77252855,2.24982069,4.240515241,1.924908553,2.723116243,1.635742935,1.355242649,1.898858382,3.123557806,2.551915253,2.809042921,3.220090943,1.871364836,3.46866316,2.762281867,2.920476791,2.35239392,1.824922597,2.087953213,6.071552122,5.978928681,3.043985487,3.546495294,4.553562998,4.415238669,4.472024069,4.683551677,2.908910376,4.688010992,4.70522927,2.961823604,3.067684167,3.183601895,5.5935446,5.265503161,5.435814976,6.967915987,4.69018354,5.901761063,5.411959488,4.732521325,6.410732777,5.734293178,2.553953001,2.101035654,2.63387076,6.620436071,6.654446902,6.688646469,7.801757698,7.261192237,6.99196313,7.322939073,7.398102308,6.888846861,4.616205231,6.895349494,4.593542586,2.883419549,3.481987897,6.957362334,5.249461599,3.734123766,5.480592852,4.481461278,4.08969979,4.753257278,3.45022284,5.813347211,4.245408822,4.260394127,6.407765748,5.405267238,5.444689835,5.381696722,5.284038622,3.241490523,5.032068855,4.45091438,4.094496441,3.613946773,3.974069506,4.252943288,2.989066844,2.997729586,2.554231843,3.776610934,2.525351898
Rpl41,463.3275841,374.8040687,213.5736942,226.6584257,256.6609151,202.1186403,160.6938305,178.2628679,147.1394571,197.0504333,192.4963292,152.3716106,99.15311123,96.74937744,192.6379159,193.1122104,203.8396413,166.2371951,194.1213595,143.5029876,217.5607859,170.0074502,113.8629869,68.23261424,70.98589697,413.1766719,293.2299164,238.8354809,325.4712685,319.7132155,244.8406509,242.5257594,229.9648661,206.6268119,198.0599125,183.7878859,146.2671555,131.8425816,128.2408032,350.2667421,398.4255756,362.0459577,385.9501238,282.1608915,255.9154371,297.3863497,268.8148717,228.1399832,196.4945783,162.7809394,157.0178659,135.7122703,449.7777467,435.4173183,609.8904988,668.3376855,746.6586461,634.5034689,405.3335938,417.7124338,303.1936867,427.7590111,400.9907605,326.6773196,276.1442021,250.3261875,370.6137384,278.5714228,261.2474341,276.9047655,327.0275807,313.1394772,181.9956268,343.7218194,219.8698879,283.556433,238.7416837,280.7273969,245.3198518,229.2072055,356.3997932,262.3405746,269.7773922,289.4143471,349.8240486,296.7429911,194.3657413,296.4301781,184.6441707,348.2256763,309.5037052,178.8817345,177.4923792,187.8698578
Rpl24,1.309676184,1.190406375,0.968655461,0.529497952,0.579922158,0.537472703,0.532403864,0.294680596,1.417178772,0.405855907,0.390069007,0.197949847,0.418901938,0.321150947,0.65071057,0.436792446,0.625998534,0.699551952,0.316012463,0.984382589,0.54359001,0.661427165,0.472610403,0.693252356,0.408698621,0.445853136,1.352761533,0.390285659,0.686214287,0.981240063,1.04529113,1.008330905,0.98069937,0.960104935,1.078104375,1.026915676,0.70440426,0.517153375,0.856253228,1.168941996,1.040942342,1.339289557,1.186633081,1.033756588,1.197561567,1.087868754,1.595595735,1.411023273,1.552926519,1.022031685,0.625516329,0.758210689,1.152396718,1.404218411,0.954732073,0.968630018,1.244940132,1.25165569,1.376847689,1.443989954,1.595318389,0.680289793,0.70096825,0.879722112,0.507919576,0.909874809,1.143540345,1.198625317,0.591413026,0.925564277,0.947350475,0.619991903,0.63416193,0.899732885,1.519307554,1.050701071,0.84172323,1.38198957,0.817604527,0.996787178,0.894780917,0.894834229,0.923635412,0.782860982,0.824672499,0.74527705,0.843810986,0.725377558,1.913595087,0.555985262,0.589679068,0.312310648,0.233320966,0.338858167
